name,mass,initial_x,initial_y,initial_z,initial_x_velocity,initial_y_velocity,initial_z_velocity
Sun,1.989e+30,-1121240648.2394865,-526033312.39138466,30712172.83731227,9.594568797620157,-11.000408990407847,-0.11539587116759138
Halleys_Comet,220000000000000.0,-2996377315398.538,4111012599057.8145,-1515343456425.7334,709.6687190431187,540.3161402896387,107.57580950859526
Earth,5.972e+24,-147648864482.48633,-30124365231.77979,33639366.32645774,5412.231640957224,-29322.544516970258,1.775542719975101
Jupiter,1.898e+27,442022541874.95544,602728228999.7411,-12389729807.936638,-10681.105721241027,8347.830470127641,204.37642961424496
Saturn,5.683e+26,1367616054093.7922,-485632812505.49054,-46007602689.42973,2692.355825838557,9083.253461188258,-264.8750682297176
Uranus,8.681e+25,1792080668753.1628,2319109659519.4165,-14603495024.031126,-5438.59392112836,3846.6817049585643,84.65653560803611
Neptune,1.024e+26,4465395369882.698,-225431259458.8293,-98267299993.44121,237.49508053471382,5460.019288982626,-118.0079908583026
