name,mass,initial_x,initial_y,initial_z,initial_x_velocity,initial_y_velocity,initial_z_velocity
Sun,1.989e+30,0.0,0.0,0.0,0.0,0.0,0.0
Earth,5.972e+24,-148585336175.8499,8942492809.10547,-23600.93812294764,-2262.55136948235,-29849.351913510487,1.2060644958407656
Moon,7.34767309e+22,-148548139769.53955,9326461589.4589,33145559.205562998,-3260.0435787934894,-29689.193210067042,39.908024042680815
