name,mass,initial_x,initial_y,initial_z,initial_x_velocity,initial_y_velocity,initial_z_velocity
Sun,1.989e+30,0.0,0.0,0.0,0.0,0.0,0.0
Moon,7.34767309e+22,-146544922167.74762,-29981432111.664635,-30875142.338861227,6419.8918214882815,-29298.285624250348,-21.780576993793428
Halleys_Comet,220000000000000.0,-2995256074750.2983,4111538632370.204,-1515374168598.5713,700.0741502454986,551.3165492800465,107.69120537976288
Earth,5.972e+24,-146527623834.24686,-29598331919.388412,2927193.4891448854,5402.637072159603,-29311.54410797984,1.8909385911436256
Mars,6.417e+23,140600339467.2007,-153361071020.1623,-6662754048.785278,18776.092321947006,18447.673583041407,-73.93713594506428
Jupiter,1.898e+27,443143782523.19495,603254262312.1324,-12420441980.77396,-10690.700290038649,8358.83087911805,204.4918254854125
Saturn,5.683e+26,1368737294742.032,-485106779193.0991,-46038314862.26705,2682.7612570409365,9094.253870178667,-264.7596723585499
Uranus,8.681e+25,1793201909401.4026,2319635692831.8076,-14634207196.86851,-5448.188489925979,3857.682113948973,84.77193147920372
Neptune,1.024e+26,4466516610530.938,-224905226146.43805,-98298012166.27853,227.90051173709375,5471.019697973034,-117.89259498713496
